Square_ID,target
test_2,0.7460308407666949
test_3,0.7460308407666949
test_4,0.7956761890652584
test_8,0.7460308407666949
test_9,0.7460308407666949
test_10,0.7460308407666949
test_11,0.7460308407666949
test_14,0.7460308407666949
test_16,0.7460308407666949
test_19,0.7460308407666949
test_20,0.7460308407666949
test_22,0.7436882645450897
test_23,0.743811379930242
test_24,0.7460308407666949
test_26,0.7460308407666949
test_27,0.7460308407666949
test_28,0.7460308407666949
test_30,0.6827711987936992
test_33,0.7840100971929287
test_34,0.7460308407666949
test_35,0.718726396824737
test_36,0.7460308407666949
test_37,0.8724042667510573
test_40,0.7460308407666949
test_41,0.7460308407666949
test_42,0.7460308407666949
test_43,0.7460308407666949
test_44,0.7460308407666949
test_45,0.7969861687585602
test_46,0.7460308407666949
test_48,0.7460308407666949
test_49,0.7460308407666949
test_51,0.7460308407666949
test_52,0.7460308407666949
test_53,0.7460308407666949
test_54,0.7460308407666949
test_55,0.7460308407666949
test_56,0.7460308407666949
test_58,0.7460308407666949
test_59,0.7791436517606979
test_63,0.7460308407666949
test_64,0.7460308407666949
test_65,0.7460308407666949
test_66,0.7467858241563192
test_67,0.7460308407666949
test_69,0.7460308407666949
test_70,0.7460308407666949
test_71,0.7460308407666949
test_72,0.7460308407666949
test_75,0.7460308407666949
test_76,0.7460308407666949
test_78,0.7460308407666949
test_80,0.753801673957928
test_81,0.7314410249761173
test_83,0.7460308407666949
test_85,0.7460308407666949
test_90,0.7460308407666949
test_92,0.7431923387778031
test_93,0.7400395057299403
test_94,0.7460308407666949
test_95,0.7460308407666949
test_96,0.7460308407666949
test_97,0.7460308407666949
test_98,0.7460308407666949
test_101,0.7764891330327518
test_102,0.7460308407666949
test_103,0.7460308407666949
test_105,0.7460308407666949
test_106,0.7460308407666949
test_107,0.8373568807716235
test_108,0.7460308407666949
test_109,0.7460308407666949
test_110,0.7460308407666949
test_111,0.6845535533538698
test_112,0.740109204290744
test_115,0.28480901033894335
test_116,0.5132072024096961
test_119,0.7552299825926642
test_120,0.7460308407666949
test_123,0.7460308407666949
test_124,0.6872164992210548
test_125,0.7460308407666949
test_126,0.7460308407666949
test_127,0.6810088101750746
test_130,0.7460308407666949
test_132,0.26347689272682856
test_133,0.7417608137441759
test_134,0.7460308407666949
test_136,0.7460308407666949
test_137,0.7460308407666949
test_138,0.7479049738509569
test_140,0.7460308407666949
test_141,0.7428892636592305
test_142,0.5034109724388873
test_143,0.7460308407666949
test_145,0.7460308407666949
test_146,0.7460308407666949
test_147,0.7460308407666949
test_148,0.7460308407666949
test_149,0.7466803016192773
test_150,0.7460308407666949
test_151,0.7460308407666949
test_153,0.7460308407666949
test_154,0.7310310834003652
test_157,0.7460308407666949
test_158,0.7460308407666949
test_160,0.7460308407666949
test_163,0.6484982179525514
test_165,0.7460308407666949
test_167,0.7460308407666949
test_168,0.7460308407666949
test_169,0.7460308407666949
test_170,0.7460308407666949
test_171,0.7460308407666949
test_172,0.7460308407666949
test_173,0.7460308407666949
test_174,0.7460308407666949
test_175,0.7426028797629755
test_176,0.7460308407666949
test_177,0.3446220134183861
test_178,0.7549153448027334
test_179,0.7460308407666949
test_181,0.7460308407666949
test_184,0.753696373710839
test_186,0.7460308407666949
test_188,0.7487427346527437
test_189,0.7566404741267881
test_190,0.27259107686437556
test_192,0.7460308407666949
test_193,0.7460308407666949
test_195,0.7460308407666949
test_196,0.7606710391899878
test_197,0.7460308407666949
test_198,0.7460308407666949
test_201,0.7460308407666949
test_202,0.7460308407666949
test_203,0.7360781119430497
test_208,0.7529372485777868
test_209,0.7244226122032542
test_210,0.7460308407666949
test_211,0.7460308407666949
test_212,0.7460308407666949
test_213,0.7460308407666949
test_214,0.7460308407666949
test_215,0.7460308407666949
test_216,0.7460308407666949
test_218,0.8280100384441579
test_219,0.7170677325880684
test_220,0.7460308407666949
test_221,0.7460308407666949
test_222,0.7701467224210687
test_223,0.7460308407666949
test_224,0.7460308407666949
test_226,0.8051800200119924
test_227,0.7460308407666949
test_229,0.7460308407666949
test_231,0.7427529796612777
test_232,0.7460308407666949
test_233,0.7460308407666949
test_234,0.7460308407666949
test_236,0.7802026656045202
test_238,0.7378345676970121
test_240,0.7466389889911458
test_241,0.13290395455421927
test_242,0.29506462298253444
test_243,0.7460308407666949
test_244,0.7460308407666949
test_245,0.7460308407666949
test_250,0.7973755958977217
test_251,0.7460308407666949
test_252,0.7460308407666949
test_253,0.7410122803894201
test_254,0.7460308407666949
test_256,0.7530523080572404
test_258,0.7460308407666949
test_259,0.7460308407666949
test_260,0.7460308407666949
test_261,0.7460308407666949
test_263,0.7551329249465546
test_264,0.7460308407666949
test_266,0.7460308407666949
test_267,0.6398367443985127
test_268,0.7591109872619546
test_269,0.7460308407666949
test_270,0.7460308407666949
test_272,0.7460308407666949
test_273,0.7434190283008849
test_275,0.7460308407666949
test_276,0.7506762427910013
test_277,0.7460308407666949
test_279,0.7427444263581043
test_281,0.7460308407666949
test_282,0.7460308407666949
test_283,0.7460308407666949
test_284,0.7460308407666949
test_285,0.7460308407666949
test_286,0.7460308407666949
test_289,0.7467270049822622
test_290,0.7460308407666949
test_291,0.7460308407666949
test_302,0.7460308407666949
test_303,0.7460308407666949
test_304,0.7572676899958258
test_306,0.7460308407666949
test_308,0.8115205891160429
test_309,0.7460308407666949
test_310,0.7460308407666949
test_311,0.4187759587531486
test_312,0.7512693298002765
test_313,0.7460308407666949
test_316,0.7460308407666949
test_318,0.7460308407666949
test_319,0.7460308407666949
test_321,0.7460308407666949
test_330,0.7460308407666949
test_331,0.7538919453334867
test_334,0.7460308407666949
test_335,0.7460308407666949
test_337,0.7460308407666949
test_338,0.7460308407666949
test_339,0.7460308407666949
test_340,0.7460308407666949
test_342,0.7460308407666949
test_344,0.7782685721963523
test_345,0.7460308407666949
test_346,0.7460308407666949
test_347,0.7460308407666949
test_348,0.7460308407666949
test_349,0.7500564939584017
test_350,0.7460308407666949
test_351,0.7383233194533783
test_352,0.7460308407666949
test_353,0.7460308407666949
test_354,0.7460308407666949
test_356,0.7460308407666949
test_359,0.7460308407666949
test_360,0.7510262859490712
test_361,0.7463663745520809
test_363,0.746683718774669
test_365,0.7536664530447056
test_366,0.7389147388061531
test_367,0.7460308407666949
test_368,0.7528727551754428
test_369,0.8683459888297893
test_371,0.7460308407666949
test_372,0.8257980544198928
test_373,0.7460308407666949
test_375,0.7460308407666949
test_378,0.7460308407666949
test_380,0.7460308407666949
test_381,0.7460308407666949
test_383,0.744692884234738
test_384,0.741676472756859
test_385,0.7485634792605698
test_386,0.7460308407666949
test_388,0.7784026835537944
test_389,0.7482616216745317
test_390,0.742559487862636
test_393,0.7496469781001024
test_394,0.7484250191402837
test_395,0.7460308407666949
test_396,0.7460308407666949
test_397,0.7460308407666949
test_398,0.7460308407666949
test_401,0.7460308407666949
test_402,0.7460308407666949
test_403,0.7798541997653183
test_406,0.7297124000078216
test_407,0.7460308407666949
test_410,0.7460308407666949
test_411,0.7460308407666949
test_412,0.7460308407666949
test_413,0.7460308407666949
test_414,0.7460308407666949
test_416,0.7460308407666949
test_417,0.7460308407666949
test_418,0.7460308407666949
test_419,0.7460308407666949
test_420,0.7460308407666949
test_421,0.7460308407666949
test_423,0.7460308407666949
test_424,0.748767112089117
test_426,0.7467063203254276
test_428,0.8353050391300068
test_429,0.7584541966309937
test_430,0.7460308407666949
test_431,0.752753848700724
test_432,0.7460308407666949
test_435,0.7460308407666949
test_436,0.7460308407666949
test_437,0.7460308407666949
test_438,0.34771448314807407
test_441,0.7460308407666949
test_442,0.7460308407666949
test_444,0.7460308407666949
test_445,0.7460308407666949
test_446,0.7460308407666949
test_447,0.7460308407666949
test_448,0.722212691895059
test_449,0.7460308407666949
test_450,0.764283639328273
test_452,0.7379124169182666
test_453,0.7479750451093606
test_454,0.7460308407666949
test_455,0.7039702138543462
test_456,0.7460308407666949
test_457,0.7509037686629987
test_458,0.7478573749575078
test_459,0.7460308407666949
test_461,0.7460308407666949
test_463,0.7460308407666949
test_464,0.7506910673596002
test_465,0.74966272613398
test_466,0.7460308407666949
test_467,0.7460308407666949
test_470,0.7599698251363777
test_471,0.6281029678355011
test_473,0.3176399375002127
test_474,0.7383867461282106
test_475,0.7460308407666949
test_476,0.7460308407666949
test_477,0.7460308407666949
test_478,0.7592222794830705
test_479,0.6436315115341991
test_481,0.7780905409656561
test_482,0.7662805145931746
test_483,0.7460308407666949
test_484,0.7460308407666949
test_485,0.7487806691656339
test_486,0.7460308407666949
test_487,0.7483826220103663
test_488,0.7460308407666949
test_489,0.7460308407666949
test_490,0.7460308407666949
test_491,0.7460308407666949
test_492,0.5974711213112458
test_494,0.7460308407666949
test_496,0.7460308407666949
test_497,0.7448615925317886
test_498,0.7460308407666949
test_499,0.7460308407666949
test_500,0.7582977671752755
test_501,0.7460308407666949
test_502,0.7460308407666949
test_504,0.7460308407666949
test_505,0.7769756578794016
test_507,0.7460308407666949
test_508,0.7460308407666949
test_509,0.7460308407666949
test_510,0.7460308407666949
test_511,0.7460308407666949
test_512,0.7460308407666949
test_513,0.7460308407666949
test_516,0.3978253448329954
test_517,0.40657763224289944
test_518,0.8236477901682954
test_520,0.7460308407666949
test_521,0.7460308407666949
test_524,0.8765451285461004
test_525,0.7427707344784441
test_526,0.7460308407666949
test_527,0.7521255080996677
test_530,0.7331367751619313
test_533,0.7460308407666949
test_534,0.7119517106634842
test_535,0.7446765898915186
test_536,0.7460308407666949
test_537,0.7460308407666949
test_539,0.7460308407666949
test_540,0.7460308407666949
test_542,0.7460308407666949
test_544,0.7460308407666949
test_548,0.7460308407666949
test_550,0.7460308407666949
test_551,0.7460308407666949
test_552,0.7460308407666949
test_554,0.7460308407666949
test_555,0.7460308407666949
test_557,0.747347982914513
test_560,0.7460308407666949
test_561,0.8325091196508652
test_562,0.7470646958984077
test_563,0.7567386628875259
test_565,0.7460308407666949
test_568,0.7460308407666949
test_569,0.7460308407666949
test_570,0.7460308407666949
test_571,0.7460308407666949
test_572,0.7460308407666949
test_573,0.05417823118317291
test_574,0.7460308407666949
test_575,0.7460308407666949
test_576,0.7460308407666949
test_579,0.7460308407666949
test_580,0.7460308407666949
test_581,0.7407924776882154
test_582,0.7460308407666949
test_583,0.7460308407666949
test_585,0.7460308407666949
test_586,0.7460308407666949
test_587,0.7460308407666949
test_590,0.751986554517202
test_591,0.7441718840728407
test_593,0.7460308407666949
test_595,0.8060521636277455
test_596,0.7939349410533247
test_597,0.5557058539154756
test_598,0.7349075736888587
test_599,0.7505832864935953
test_600,0.7460308407666949
test_601,0.7460308407666949
test_602,0.7460308407666949
test_603,0.7409726549967967
test_604,0.49883987874591584
test_605,0.7460308407666949
test_606,0.7299832292766217
test_607,0.7460308407666949
test_608,0.7501178293321202
test_609,0.5545563660039848
test_610,0.7460308407666949
test_613,0.7460308407666949
test_614,0.7460308407666949
test_615,0.7460308407666949
test_616,0.7460308407666949
test_617,0.7460308407666949
test_619,0.7460308407666949
test_620,0.7953604005504974
test_622,0.7460308407666949
test_625,0.7460308407666949
test_626,0.745357632003967
test_627,0.7203861026397022
test_628,0.6224263981578882
test_629,0.8686720976049875
test_631,0.7460308407666949
test_632,0.7460308407666949
test_634,0.7460308407666949
test_635,0.7460308407666949
test_637,0.7460308407666949
test_638,0.6735957786044503
test_639,0.7776564135486224
test_640,0.4149531906912355
test_641,0.7494799697590843
test_642,0.7460308407666949
test_644,0.7460308407666949
test_645,0.7246468393762334
test_647,0.7673427280157916
test_648,0.7460308407666949
test_649,0.7480843348989902
test_650,0.5570039288040961
test_651,0.7460308407666949
test_653,0.7460308407666949
test_655,0.7460308407666949
test_656,0.7560462742111281
test_657,0.7460308407666949
test_658,0.7460308407666949
test_659,0.7460308407666949
test_661,0.7460308407666949
test_662,0.7460308407666949
test_664,0.7460308407666949
test_667,0.7460308407666949
test_669,0.7460308407666949
test_672,0.7460308407666949
test_674,0.8100511030124574
test_675,0.7460308407666949
test_676,0.8045141428180433
test_677,0.7484995551683331
test_679,0.6411199889848088
test_680,0.7460308407666949
test_681,0.7460308407666949
test_682,0.7989491462385359
test_688,0.4657924335369345
test_689,0.7460308407666949
test_690,0.7959482001911193
test_691,0.7460308407666949
test_693,0.7460308407666949
test_695,0.7525472148864276
test_696,0.7460308407666949
test_697,0.7460308407666949
test_698,0.7460308407666949
test_699,0.7460308407666949
test_701,0.7441970593093338
test_703,0.7460308407666949
test_704,0.7460308407666949
test_705,0.7454177007065055
test_706,0.7460308407666949
test_709,0.7456907393775246
test_711,0.7460308407666949
test_713,0.7460308407666949
test_714,0.7460308407666949
test_715,0.7460308407666949
test_716,0.38024649741237143
test_717,0.7460308407666949
test_718,0.7460308407666949
test_719,0.7460308407666949
test_722,0.7475843465638156
test_723,0.7460308407666949
test_724,0.7460308407666949
test_726,0.7460308407666949
test_727,0.8684294995722206
test_732,0.7181372991971797
test_734,0.7460308407666949
test_735,0.7460308407666949
test_736,0.7586200774323391
test_738,0.7460308407666949
test_739,0.7860250822278484
test_740,0.7460308407666949
test_741,0.7460308407666949
test_743,0.7478762061175143
test_744,0.7460308407666949
test_746,0.7460308407666949
test_748,0.7460308407666949
test_749,0.7460308407666949
test_751,0.7460308407666949
test_752,0.7460308407666949
test_754,0.7460308407666949
test_755,0.7460308407666949
test_756,0.7460308407666949
test_757,0.7460308407666949
test_758,0.5586298773461416
test_760,0.7460308407666949
test_761,0.7460308407666949
test_762,0.7460308407666949
test_766,0.7460308407666949
test_767,0.7460308407666949
test_768,0.7460308407666949
test_771,0.7460308407666949
test_772,0.7460308407666949
test_773,0.7460308407666949
test_776,0.7460308407666949
test_777,0.7460308407666949
test_778,0.7622610486769819
test_780,0.7614765606666627
test_782,0.7460308407666949
test_784,0.7460308407666949
test_785,0.7392687190927393
test_786,0.7460308407666949
test_789,0.7460308407666949
test_790,0.7355121696896497
test_791,0.7451566580717959
test_792,0.7460308407666949
test_793,0.7460308407666949
test_794,0.751115335984988
test_795,0.7460308407666949
test_797,0.7460308407666949
test_802,0.7460308407666949
test_803,0.7701283135877944
test_806,0.7460308407666949
test_807,0.7517062889330369
test_808,0.7460308407666949
test_809,0.7460308407666949
test_810,0.7749647694689052
test_811,0.7460308407666949
test_813,0.7460308407666949
test_814,0.4005243756181785
test_815,0.7460308407666949
test_817,0.7460308407666949
test_818,0.7382134834861127
test_819,0.7611359547783668
test_820,0.7460308407666949
test_821,0.7460308407666949
test_826,0.7460308407666949
test_827,0.7460308407666949
test_828,0.7460308407666949
test_832,0.7460308407666949
test_835,0.7460308407666949
test_837,0.7460308407666949
test_838,0.7460308407666949
test_840,0.7460308407666949
test_841,0.7460308407666949
test_843,0.7460308407666949
test_844,0.7460308407666949
test_848,0.8057740129698344
test_849,0.7460308407666949
test_850,0.7460308407666949
test_851,0.7460308407666949
test_852,0.7460308407666949
test_853,0.7460308407666949
test_854,0.7460308407666949
test_856,0.7460308407666949
test_857,0.7460308407666949
test_860,0.7460308407666949
test_861,0.7460308407666949
test_862,0.7411193421648308
test_863,0.7458432155166905
test_864,0.7460308407666949
test_865,0.7460308407666949
test_867,0.7460308407666949
test_868,0.02866806703114795
test_870,0.7275066672721646
test_871,0.7460308407666949
test_873,0.7460308407666949
test_876,0.7460308407666949
test_879,0.7460308407666949
test_880,0.753891975036938
test_881,0.7482659812243357
test_883,0.7460308407666949
test_884,0.1543695399617171
test_885,0.7460308407666949
test_886,0.7465161857417982
test_887,0.7460308407666949
test_890,0.7518096839430445
test_891,0.7460308407666949
test_892,0.7460308407666949
test_893,0.7460308407666949
test_895,0.6694392609114047
test_897,0.7460308407666949
test_898,0.7460308407666949
test_899,0.7628666234981403
test_900,0.7460308407666949
test_901,0.588696618493011
test_902,0.7460308407666949
test_903,0.7682138261560524
test_904,0.7789804630925691
test_905,0.7460308407666949
test_908,0.7460308407666949
test_910,0.762437254210267
test_911,0.7460308407666949
test_912,0.7460308407666949
test_913,0.7460308407666949
test_916,0.743950059066407
test_917,0.7460308407666949
test_919,0.7460308407666949
test_920,0.7460308407666949
test_921,0.7460308407666949
test_922,0.7460308407666949
test_924,0.7460308407666949
test_925,0.7460308407666949
test_926,0.7460308407666949
test_927,0.7514461290027947
test_929,0.7460308407666949
test_930,0.7460308407666949
test_931,0.7067051955449226
test_932,0.7460308407666949
test_933,0.7460308407666949
test_935,0.7460308407666949
test_937,0.7460308407666949
test_939,0.7460308407666949
test_940,0.7460308407666949
test_942,0.6839736842479115
test_943,0.7425880768211964
test_944,0.7460308407666949
test_947,0.7460308407666949
test_949,0.7460308407666949
test_950,0.7460308407666949
test_951,0.7460308407666949
test_952,0.7460308407666949
test_953,0.7460308407666949
test_955,0.7460308407666949
test_956,0.6169226264933515
test_957,0.7566052925624396
test_960,0.7672569518743624
test_961,0.7460308407666949
test_963,0.7494807815797744
test_964,0.7460308407666949
test_965,0.7460308407666949
test_968,0.7460308407666949
test_970,0.7578157529395168
test_971,0.7460308407666949
test_972,0.487031508617348
test_973,0.8148359900284305
test_975,0.7460308407666949
test_979,0.7591413319823459
test_980,0.7463120593384656
test_983,0.7460308407666949
test_984,0.7460308407666949
test_985,0.7460308407666949
test_986,0.7460308407666949
test_988,0.7418883420771005
test_989,0.7460308407666949
test_991,0.7422312387157401
test_992,0.7460308407666949
test_993,0.7460308407666949
test_997,0.7460308407666949
test_998,0.753061029017975
test_1002,0.7460308407666949
test_1003,0.7460308407666949
test_1004,0.7460308407666949
test_1005,0.8364735140847486
test_1007,0.744977466302484
test_1009,0.7460308407666949
test_1011,0.7599014258702554
test_1014,0.7317001423280061
test_1015,0.7460308407666949
test_1016,0.6369454210920211
test_1017,0.7460308407666949
test_1019,0.7460308407666949
test_1020,0.7460308407666949
test_1021,0.7460308407666949
test_1022,0.7460308407666949
test_1023,0.7460308407666949
test_1024,0.7460308407666949
test_1025,0.7907139142661618
test_1027,0.7460308407666949
test_1028,0.7742166970785801
test_1029,0.6606170691314767
test_1030,0.7460308407666949
test_1032,0.7460308407666949
test_1034,0.7460308407666949
test_1035,0.7460308407666949
test_1038,0.7460308407666949
test_1039,0.7759840845887069
test_1040,0.7460308407666949
test_1041,0.7460308407666949
test_1043,0.8053668289960433
test_1044,0.7460308407666949
test_1045,0.7460308407666949
test_1047,0.7460308407666949
test_1048,0.721632965647396
test_1050,0.7460308407666949
test_1051,0.7460308407666949
test_1052,0.7460308407666949
test_1053,0.7460308407666949
test_1055,0.7460308407666949
test_1056,0.7348734415431744
test_1058,0.7460308407666949
test_1059,0.7463381305623094
test_1060,0.747103445644414
test_1061,0.7460308407666949
test_1062,0.7460308407666949
test_1063,0.7460308407666949
test_1064,0.7460308407666949
test_1065,0.7460308407666949
test_1066,0.7460308407666949
test_1069,0.7460308407666949
test_1070,0.10140396768343177
test_1074,0.7465650649141501
test_1075,0.7460308407666949
test_1077,0.7460308407666949
test_1078,0.7669379277279469
test_1079,0.7460308407666949
test_1080,0.4466793123634596
test_1081,0.7460308407666949
test_1082,0.7460308407666949
test_1083,0.3590933871187236
test_1084,0.738484300816124
test_1085,0.7460308407666949
test_1086,0.7460308407666949
test_1087,0.7577314300146542
test_1088,0.7460308407666949
test_1090,0.7408878052156973
test_1093,0.7460308407666949
test_1094,0.7460308407666949
test_1095,0.7460308407666949
test_1096,0.7460308407666949
test_1098,0.7460308407666949
test_1103,0.7512025457773764
test_1104,0.7460308407666949
test_1105,0.7460308407666949
test_1107,0.7460308407666949
test_1108,0.7460308407666949
test_1109,0.7460308407666949
test_1110,0.7460308407666949
test_1111,0.7460308407666949
test_1114,0.7460308407666949
test_1117,0.7460308407666949
test_1118,0.7460308407666949
test_1119,0.7854964455305031
test_1120,0.7460308407666949
test_1121,0.7460308407666949
test_1122,0.7753419548743543
test_1123,0.9181677673093871
test_1124,0.7460308407666949
test_1126,0.7460308407666949
test_1127,0.7577830870851275
test_1128,0.7460308407666949
test_1129,0.7460308407666949
test_1133,0.49498077456264866
test_1135,0.7460308407666949
test_1136,0.7460308407666949
test_1137,0.7460308407666949
test_1138,0.7471175520693706
test_1139,0.7553776537278843
test_1143,0.7460308407666949
test_1144,0.7460308407666949
test_1145,0.9074848569469907
test_1146,0.7460308407666949
test_1147,0.7460308407666949
test_1148,0.7492934885017248
test_1149,0.7460308407666949
test_1150,0.7460308407666949
test_1152,0.7460308407666949
test_1153,0.7605282493634012
test_1154,0.4251382811266079
test_1155,0.7485924630400712
test_1156,0.7463262892963247
test_1157,0.8040906394989578
test_1161,0.7460308407666949
test_1163,0.7447691385554993
test_1164,0.7605499425945462
test_1165,0.7460308407666949
test_1166,0.7460308407666949
test_1167,0.7460308407666949
test_1172,0.7460308407666949
test_1173,0.7460308407666949
test_1174,0.7460308407666949
test_1175,0.7878606260857516
test_1176,0.7460308407666949
test_1178,0.7460308407666949
test_1179,0.7460308407666949
test_1180,0.7460308407666949
test_1181,0.7460308407666949
test_1182,0.7460308407666949
test_1183,0.7528056898306422
test_1184,0.7460308407666949
test_1186,0.9175101488711326
test_1187,0.7460308407666949
test_1188,0.7460308407666949
test_1189,0.7460308407666949
test_1190,0.7460308407666949
test_1192,0.7520455626510084
test_1193,0.7460308407666949
test_1194,0.5111728063996656
test_1195,0.7460308407666949
test_1196,0.7460308407666949
test_1197,0.8173432776428046
test_1198,0.7460308407666949
test_1199,0.7460308407666949
test_1200,0.7460308407666949
test_1202,0.7460308407666949
test_1204,0.7460308407666949
test_1205,0.3232064705943643
test_1206,0.7460308407666949
test_1207,0.7460308407666949
test_1208,0.7460308407666949
test_1211,0.7460308407666949
test_1212,0.7402262425606868
test_1213,0.7460308407666949
test_1214,0.7521850624415372
test_1217,0.7704791357127246
test_1219,0.7460308407666949
test_1220,0.7649197238459741
test_1221,0.7460308407666949
test_1223,0.7407070426148165
test_1224,0.7630861278213279
test_1226,0.7460308407666949
test_1227,0.7460308407666949
test_1228,0.7460308407666949
test_1230,0.6854693345220062
test_1231,0.7460308407666949
test_1232,0.7460308407666949
test_1234,0.7313314744050753
test_1237,0.7460308407666949
test_1238,0.7460308407666949
test_1241,0.7460308407666949
test_1243,0.7460308407666949
test_1244,0.7460308407666949
test_1249,0.7460308407666949
test_1251,0.7460308407666949
test_1253,0.67185552071582
test_1255,0.7583568817987559
test_1257,0.7460308407666949
test_1259,0.59810062686444
test_1260,0.7460308407666949
test_1261,0.7506198627137436
test_1262,0.7460308407666949
test_1263,0.6003677757354314
test_1266,0.7460308407666949
test_1267,0.7802874444458515
test_1270,0.7460308407666949
test_1271,0.6691763045713586
test_1273,0.7460308407666949
test_1274,0.7460308407666949
test_1275,0.7460308407666949
test_1276,0.7460308407666949
test_1277,0.7274739788883506
test_1281,0.7460308407666949
test_1284,0.7460308407666949
test_1287,0.7460308407666949
test_1289,0.8745727102696575
test_1290,0.7460308407666949
test_1293,0.7460308407666949
test_1294,0.7494066822494514
test_1295,0.7460308407666949
test_1296,0.8257643587670368
test_1297,0.7470249486412948
test_1298,0.7460308407666949
test_1299,0.7425766412932429
test_1301,0.7460308407666949
test_1303,0.7487105361100195
test_1305,0.7460308407666949
test_1306,0.7460308407666949
test_1307,0.7175046290039713
test_1308,0.7460308407666949
test_1309,0.7460308407666949
test_1310,0.74517724852193
test_1311,0.7460308407666949
test_1312,0.7528337755224019
test_1313,0.7460308407666949
test_1314,0.7460308407666949
test_1317,0.7470115943309633
test_1320,0.7460308407666949
test_1323,0.6229785751829728
test_1325,0.7601911183314186
test_1326,0.7460308407666949
test_1329,0.7460308407666949
test_1330,0.7460308407666949
test_1332,0.7460308407666949
test_1333,0.7460308407666949
test_1334,0.7460308407666949
test_1335,0.7460308407666949
test_1336,0.7290573926458364
test_1337,0.7460308407666949
test_1338,0.7460308407666949
test_1341,0.7460308407666949
test_1342,0.7460308407666949
test_1343,0.590495945133645
test_1345,0.7460308407666949
test_1348,0.7460308407666949
test_1351,0.747703020963316
test_1353,0.7460308407666949
test_1354,0.7460308407666949
test_1357,0.7460308407666949
test_1358,0.7460308407666949
test_1361,0.7460308407666949
test_1362,0.7460308407666949
test_1363,0.7460308407666949
test_1364,0.7375289856818474
test_1365,0.7460308407666949
test_1366,0.7498670277749806
test_1367,0.7460308407666949
test_1369,0.7460308407666949
test_1371,0.8222346103667131
test_1372,0.7460308407666949
test_1373,0.7460308407666949
test_1375,0.7527724164852563
test_1376,0.7460308407666949
test_1379,0.7460308407666949
test_1380,0.2911268094015704
test_1381,0.7453234804257217
test_1382,0.734280385175873
test_1383,0.7460308407666949
test_1384,0.7460308407666949
test_1385,0.7460308407666949
test_1387,0.7460308407666949
test_1388,0.7460308407666949
test_1391,0.7460308407666949
test_1392,0.7460308407666949
test_1393,0.8768689339076472
test_1394,0.6081672586828414
test_1397,0.7460308407666949
test_1399,0.7460308407666949
test_1400,0.7460308407666949
test_1402,0.7460308407666949
test_1403,0.7460308407666949
test_1404,0.7581719213775308
test_1407,0.7460308407666949
test_1409,0.7460308407666949
test_1410,0.7460308407666949
test_1413,0.7460308407666949
test_1414,0.7460308407666949
test_1415,0.7460308407666949
test_1416,0.6825483543048856
test_1420,0.7460308407666949
test_1421,0.7932093003844471
test_1422,0.7405155376371422
test_1423,0.8827556412691029
test_1424,0.7460308407666949
test_1425,0.7460308407666949
test_1428,0.7460308407666949
test_1430,0.7460308407666949
test_1434,0.7460308407666949
test_1435,0.7460308407666949
test_1436,0.784568011153959
test_1438,0.7460308407666949
test_1440,0.7460308407666949
test_1443,0.7437948270463672
test_1444,0.7225972653086482
test_1445,0.7473632538292646
test_1446,0.7460308407666949
test_1447,0.7291477368730245
test_1449,0.7460308407666949
test_1450,0.8106806451065568
test_1451,0.7560420386346587
test_1453,0.7460308407666949
test_1454,0.7628156909366363
test_1455,0.7460308407666949
test_1457,0.7460308407666949
test_1458,0.7460308407666949
test_1459,0.7226826797471351
test_1461,0.7460308407666949
test_1464,0.7460308407666949
test_1465,0.7460308407666949
test_1466,0.7460308407666949
test_1467,0.7460308407666949
test_1468,0.7460308407666949
test_1469,0.017375072006424217
test_1470,0.7460308407666949
test_1471,0.7139177434408888
test_1472,0.7460308407666949
test_1473,0.7460308407666949
test_1474,0.7460308407666949
test_1475,0.7460308407666949
test_1476,0.7460308407666949
test_1477,0.7460308407666949
test_1480,0.7460308407666949
test_1482,0.7460308407666949
test_1483,0.7460308407666949
test_1485,0.7460308407666949
test_1486,0.7460308407666949
test_1489,0.31736253396507813
test_1490,0.7678961215169179
test_1492,0.7460308407666949
test_1493,0.7460308407666949
test_1494,0.7460308407666949
test_1495,0.7582368485176377
test_1497,0.7460308407666949
test_1501,0.7460308407666949
test_1502,0.7460308407666949
test_1503,0.7460308407666949
test_1505,0.7460308407666949
test_1506,0.7465161756418118
test_1509,0.7460308407666949
test_1512,0.7460308407666949
test_1513,0.7460308407666949
test_1515,0.7460308407666949
test_1516,0.7460308407666949
test_1520,0.7460308407666949
test_1521,0.7143877585451166
test_1523,0.7460308407666949
test_1524,0.7460308407666949
test_1525,0.7407974659624746
test_1526,0.7460308407666949
test_1527,0.7460308407666949
test_1528,0.7460308407666949
test_1529,0.7902052301860214
test_1530,0.7935582145177239
test_1531,0.7460308407666949
test_1532,0.7460308407666949
test_1533,0.7460308407666949
test_1534,0.7456440011267329
test_1535,0.7363889837053404
test_1537,0.7460308407666949
test_1541,0.7460308407666949
test_1542,0.7460308407666949
test_1544,0.4635151416034458
test_1546,0.7460308407666949
test_1548,0.753593593024417
test_1549,0.7460308407666949
test_1554,0.7501896896918232
test_1555,0.7460308407666949
test_1557,0.7460308407666949
test_1559,0.7460308407666949
test_1560,0.7460308407666949
test_1562,0.7460308407666949
test_1563,0.7460308407666949
test_1564,0.7477581855151707
test_1566,0.7521842931581807
test_1567,0.7460308407666949
test_1568,0.7600931110128969
test_1569,0.8128882764043497
test_1570,0.7460308407666949
test_1571,0.7460308407666949
test_1572,0.7460308407666949
test_1575,0.7460308407666949
test_1576,0.7460308407666949
test_1577,0.7460308407666949
test_1578,0.7460308407666949
test_1580,0.7460308407666949
test_1581,0.711017798888869
test_1582,0.753359091642899
test_1583,0.7460308407666949
test_1586,0.7460308407666949
test_1587,0.5518268731731468
test_1588,0.7460308407666949
test_1592,0.7460308407666949
test_1593,0.7910140591987747
test_1595,0.14095359043678635
test_1600,0.7460308407666949
test_1601,0.7460308407666949
test_1602,0.7460308407666949
test_1603,0.7460308407666949
test_1606,0.7460308407666949
test_1607,0.7160359592071968
test_1608,0.7460308407666949
test_1609,0.7460308407666949
test_1610,0.7460308407666949
test_1611,0.7460308407666949
test_1612,0.7460308407666949
test_1613,0.7460308407666949
test_1614,0.7565996506852972
test_1617,0.7460308407666949
test_1618,0.7460308407666949
test_1619,0.7460308407666949
test_1620,0.7354109939555135
test_1621,0.7460308407666949
test_1622,0.7460308407666949
test_1624,0.7460308407666949
test_1625,0.7460308407666949
test_1627,0.7465710116569244
test_1628,0.7439814853618235
test_1631,0.7476415605159309
test_1632,0.747745409518423
test_1634,0.768707693072988
test_1636,0.7460308407666949
test_1639,0.7460308407666949
test_1641,0.7373449887444882
test_1643,0.7471482662891893
test_1646,0.7429543246770676
test_1648,0.7460308407666949
test_1649,0.7460308407666949
test_1650,0.7460308407666949
test_1652,0.7460308407666949
test_1653,0.7460308407666949
test_1655,0.7460308407666949
test_1657,0.7460308407666949
test_1658,0.8026502154701466
test_1659,0.7525343844570294
test_1660,0.7843912067363439
test_1661,0.768581458142327
test_1662,0.7892053751554962
test_1663,0.7460308407666949
test_1664,0.7460308407666949
test_1665,0.3800238254511418
test_1666,0.7460308407666949
test_1667,0.7460308407666949
test_1669,0.7086419655978066
test_1670,0.7460308407666949
test_1671,0.7460308407666949
test_1672,0.7460308407666949
test_1674,0.7460308407666949
test_1677,0.7460308407666949
test_1678,0.7460308407666949
test_1679,0.7460308407666949
test_1681,0.7460308407666949
test_1683,0.7488887949378552
test_1684,0.7460308407666949
test_1685,0.7460308407666949
test_1687,0.7460308407666949
test_1688,0.7460308407666949
test_1690,0.7617951951221855
test_1692,0.7460308407666949
test_1696,0.7460308407666949
test_1697,0.7460308407666949
test_1698,0.7460308407666949
test_1699,0.7460308407666949
test_1704,0.6741570116042351
test_1705,0.7575396516057827
test_1707,0.7460308407666949
test_1708,0.7460308407666949
test_1709,0.7380065928023366
test_1710,0.7460308407666949
test_1712,0.7276993753920772
test_1713,0.7460308407666949
test_1715,0.7546024070762172
test_1716,0.7812532454667462
test_1717,0.7548471597559945
test_1721,0.7460308407666949
test_1723,0.7428176921029996
test_1724,0.7460308407666949
test_1725,0.7363347426441402
test_1726,0.7460308407666949
test_1727,0.7460308407666949
test_1728,0.32779222368051747
test_1729,0.7479657295116494
test_1730,0.7460308407666949
test_1731,0.7460308407666949
test_1733,0.7543877140963088
test_1734,0.7460308407666949
test_1735,0.41432982349344083
test_1736,0.7460308407666949
test_1737,0.7582604482339956
test_1738,0.7460308407666949
test_1740,0.7460308407666949
test_1743,0.7460308407666949
test_1744,0.7843851575210747
test_1745,0.7460308407666949
test_1747,0.7460308407666949
test_1748,0.7460308407666949
test_1750,0.7547136551695789
test_1751,0.7460308407666949
test_1752,0.7460308407666949
test_1753,0.7460308407666949
test_1754,0.7460308407666949
test_1756,0.7460308407666949
test_1757,0.7460308407666949
test_1759,0.7460308407666949
test_1760,0.7405355094824378
test_1762,0.7464080762489066
test_1763,0.7465414890726052
test_1764,0.7255281199911007
test_1765,0.7460308407666949
test_1766,0.7755283787400321
test_1767,0.7488711693075728
test_1768,0.7460308407666949
test_1769,0.7460308407666949
test_1771,0.7460308407666949
test_1772,0.7460308407666949
test_1773,0.7460308407666949
test_1774,0.633896940994097
test_1775,0.7774126844154238
test_1776,0.7460308407666949
test_1777,0.747933599859231
test_1779,0.7460308407666949
test_1781,0.7460308407666949
test_1784,0.7460308407666949
test_1785,0.7460308407666949
test_1786,0.6767759180380317
test_1787,0.7534868871706182
test_1788,0.7460308407666949
test_1790,0.7460308407666949
test_1792,0.7460308407666949
test_1794,0.7429900402367231
test_1795,0.7702591969240097
test_1797,0.7511247737856357
test_1799,0.7470522243914349
test_1804,0.7460308407666949
test_1806,0.7451832687856768
test_1808,0.7460308407666949
test_1809,0.7460308407666949
test_1811,0.7460308407666949
test_1812,0.7460308407666949
test_1813,0.7460308407666949
test_1814,0.7460308407666949
test_1815,0.7460308407666949
test_1816,0.7569296216294024
test_1818,0.7470290017954235
test_1819,0.7460308407666949
test_1820,0.7460308407666949
test_1821,0.7512699785686816
test_1823,0.7460308407666949
test_1824,0.7460308407666949
test_1825,0.7731744755820776
test_1827,0.7875027237198725
test_1828,0.7547164980200933
test_1829,0.7460308407666949
test_1830,0.7454386275236695
test_1831,0.7742196156331997
test_1832,0.7460308407666949
test_1833,0.7460308407666949
test_1836,0.6258098930050889
test_1837,0.7524763388401567
test_1838,0.7460308407666949
test_1840,0.7460308407666949
test_1841,0.7460308407666949
test_1843,0.7460308407666949
test_1844,0.7502596207336344
test_1846,0.7460308407666949
test_1847,0.7363004180294663
test_1848,0.3781478592096444
test_1850,0.7460308407666949
test_1851,0.7241205317657117
test_1852,0.7460308407666949
test_1853,0.7460308407666949
test_1854,0.8197464571159631
test_1856,0.7460308407666949
test_1858,0.7460308407666949
test_1860,0.48159239946772003
test_1864,0.7460308407666949
test_1866,0.7460308407666949
test_1867,0.7460308407666949
test_1868,0.7409726950521187
test_1870,0.7733818045268035
test_1872,0.7253553447933835
test_1873,0.7460308407666949
test_1874,0.7460308407666949
test_1876,0.7460308407666949
test_1877,0.7829287954254394
test_1878,0.7460308407666949
test_1879,0.7460308407666949
test_1880,0.7460308407666949
test_1882,0.7460308407666949
test_1886,0.7460308407666949
test_1887,0.8630456332303695
test_1888,0.7460308407666949
test_1892,0.7430890750472956
test_1896,0.49781779887226996
test_1897,0.7406266349398425
test_1898,0.7460308407666949
test_1899,0.7460308407666949
test_1900,0.7460308407666949
test_1902,0.7460308407666949
test_1904,0.7460308407666949
test_1905,0.4309514442815351
test_1906,0.7460308407666949
test_1907,0.7460308407666949
test_1909,0.7460308407666949
test_1911,0.7049965846830702
test_1914,0.7460308407666949
test_1915,0.7460308407666949
test_1918,0.7460308407666949
test_1921,0.7623766172973404
test_1922,0.7460308407666949
test_1927,0.8930532154058075
test_1928,0.7460308407666949
test_1930,0.7460308407666949
test_1931,0.7460308407666949
test_1932,0.7460308407666949
test_1933,0.7112118379611551
test_1934,0.749057995206012
test_1935,0.7460308407666949
test_1937,0.7460308407666949
test_1938,0.7477101475657794
test_1939,0.751514388621512
test_1941,0.7568908712040251
test_1942,0.7460308407666949
test_1943,0.7405879058766438
test_1945,0.7460308407666949
test_1946,0.7460308407666949
test_1947,0.7460308407666949
test_1948,0.7460308407666949
test_1949,0.6657598892661456
test_1951,0.7460308407666949
test_1952,0.7460308407666949
test_1954,0.7460308407666949
test_1955,0.7460308407666949
test_1956,0.7615953887963953
test_1957,0.6783986801370687
test_1959,0.8309041956716232
test_1960,0.7460308407666949
test_1961,0.7460308407666949
test_1967,0.7460308407666949
test_1969,0.5916457640538
test_1970,0.6600422548104442
test_1971,0.7460308407666949
test_1972,0.7460308407666949
test_1973,0.8322182798060974
test_1975,0.7395162536479819
test_1976,0.7460308407666949
test_1977,0.7638390553595338
test_1978,0.7460308407666949
test_1979,0.7460308407666949
test_1980,0.760034523766242
test_1982,0.801512968524349
test_1983,0.8297933499681156
test_1984,0.7460308407666949
test_1985,0.7460308407666949
test_1986,0.7460308407666949
test_1987,0.7600719308062236
test_1988,0.5742203044841755
test_1989,0.7450055603528374
test_1990,0.7460308407666949
test_1991,0.7534556657874412
test_1992,0.7778012273452133
test_1993,0.7460308407666949
test_1994,0.7460308407666949
test_1996,0.7460308407666949
test_1999,0.7460308407666949
test_2000,0.7460308407666949
test_2002,0.7460308407666949
test_2004,0.7823792745285627
test_2005,0.7460308407666949
test_2007,0.7460308407666949
test_2010,0.7499160355086321
test_2011,0.7413625635498902
test_2012,0.7460308407666949
test_2014,0.7460308407666949
test_2015,0.7460308407666949
test_2016,0.7460308407666949
test_2017,0.7460308407666949
test_2018,0.7460308407666949
test_2019,0.7460308407666949
test_2020,0.7460308407666949
test_2021,0.7460308407666949
test_2022,0.7460308407666949
test_2023,0.7460308407666949
test_2024,0.7460308407666949
test_2026,0.7460308407666949
test_2027,0.7598653882720053
test_2028,0.7531583220046182
test_2030,0.7460308407666949
test_2031,0.7519191946974199
test_2032,0.7583763008059181
test_2034,0.7460308407666949
test_2035,0.7460308407666949
test_2036,0.7460308407666949
test_2037,0.7460308407666949
test_2038,0.7460308407666949
test_2039,0.7460308407666949
test_2041,0.7558089791504663
test_2043,0.6039755559297301
test_2044,0.7460308407666949
test_2046,0.7963662063984243
test_2049,0.7460308407666949
test_2051,0.7460308407666949
test_2052,0.7460308407666949
test_2053,0.7360927164873637
test_2054,0.7460308407666949
test_2055,0.7460308407666949
test_2058,0.7799980997662804
test_2060,0.7132060245471185
test_2061,0.7460308407666949
test_2063,0.7460308407666949
test_2064,0.7460308407666949
test_2065,0.7460308407666949
test_2066,0.7460308407666949
test_2070,0.7325047547698811
test_2071,0.7460308407666949
test_2073,0.7460308407666949
test_2074,0.880329802443014
test_2076,0.7608394955274813
test_2077,0.7460308407666949
test_2078,0.7460308407666949
test_2079,0.7460308407666949
test_2080,0.7500253616161305
test_2081,0.7460308407666949
test_2082,0.7460308407666949
test_2084,0.7612540566779842
test_2086,0.7460308407666949
test_2087,0.8465859143646122
test_2088,0.798651067483311
test_2093,0.7517422890222392
test_2094,0.7752602344229091
test_2095,0.7460308407666949
test_2096,0.7460308407666949
test_2097,0.7460308407666949
test_2098,0.7549582789739812
test_2099,0.7460308407666949
test_2100,0.9291399034576505
test_2101,0.7460308407666949
test_2102,0.7626410428280915
test_2104,0.7460308407666949
test_2106,0.7661207817030468
test_2111,0.7460308407666949
test_2113,0.7460308407666949
test_2114,0.7460308407666949
test_2116,0.7471843415150875
test_2117,0.7136943742615564
test_2119,0.7460308407666949
test_2121,0.7460308407666949
test_2122,0.7460308407666949
test_2124,0.7460308407666949
test_2125,0.8114842111489745
test_2126,0.7460308407666949
test_2127,0.7460308407666949
test_2128,0.7460308407666949
test_2129,0.75392543075478
test_2130,0.7460308407666949
test_2131,0.7460308407666949
test_2133,0.7460308407666949
test_2134,0.7460308407666949
test_2135,0.7722538507144998
test_2138,0.7460308407666949
test_2139,0.7460308407666949
test_2140,0.7460308407666949
test_2141,0.7460308407666949
test_2143,0.7460308407666949
test_2145,0.7854082031922718
test_2147,0.7460308407666949
test_2148,0.7480738736578223
test_2151,0.7460308407666949
test_2153,0.7460308407666949
test_2155,0.7460308407666949
test_2157,0.8448212184353403
test_2158,0.7460308407666949
test_2159,0.7360803225069491
test_2160,0.7460308407666949
test_2161,0.7460308407666949
test_2162,0.8006462745445984
test_2163,0.7460308407666949
test_2164,0.7414057674736341
test_2166,0.7460308407666949
test_2168,0.7460308407666949
test_2169,0.7460308407666949
test_2170,0.5776666372375099
test_2172,0.7495993815989921
test_2173,0.7460308407666949
test_2174,0.8022715600313973
test_2176,0.7696345875123649
test_2177,0.7460308407666949
test_2179,0.7460308407666949
test_2180,0.7460308407666949
test_2181,0.7460308407666949
test_2182,0.7460308407666949
test_2183,0.7514564113212737
test_2186,0.7460308407666949
test_2187,0.7460308407666949
test_2188,0.7460308407666949
test_2189,0.7460308407666949
test_2190,0.7460308407666949
test_2192,0.7460308407666949
test_2193,0.7460308407666949
test_2195,0.7460308407666949
test_2197,0.7460308407666949
test_2198,0.7460308407666949
test_2199,0.7419613877821957
test_2200,0.7460308407666949
test_2202,0.7460308407666949
test_2203,0.7460308407666949
test_2206,0.7460308407666949
test_2207,0.7460308407666949
test_2209,0.7460308407666949
test_2211,0.7460308407666949
test_2213,0.7460308407666949
test_2214,0.7460308407666949
test_2215,0.7460308407666949
test_2216,0.7460308407666949
test_2218,0.7592257554841189
test_2219,0.7460308407666949
test_2220,0.7460308407666949
test_2221,0.7460308407666949
test_2222,0.7460308407666949
test_2224,0.7460308407666949
test_2226,0.7460308407666949
test_2227,0.7460308407666949
test_2228,0.7466617110246234
test_2229,0.7460308407666949
test_2230,0.7460308407666949
test_2231,0.7518362241674978
test_2233,0.7460308407666949
test_2234,0.7460308407666949
test_2235,0.7460308407666949
test_2236,0.7460308407666949
test_2237,0.7460308407666949
test_2239,0.7460308407666949
test_2241,0.7460308407666949
test_2242,0.7460308407666949
test_2245,0.7460308407666949
test_2246,0.7394265445434473
test_2247,0.6687820997943595
test_2249,0.7460308407666949
test_2251,0.7636171474204814
test_2252,0.7475118770662671
test_2254,0.7460308407666949
test_2255,0.7460308407666949
test_2256,0.7292202467858052
test_2259,0.7460308407666949
test_2260,0.66589452786799
test_2261,0.7460308407666949
test_2264,0.7456335827241165
test_2265,0.7460308407666949
test_2266,0.7460308407666949
test_2267,0.7460308407666949
test_2268,0.7365952488905647
test_2270,0.7460308407666949
test_2273,0.8289593570935704
test_2274,0.7460308407666949
test_2275,0.742175773675701
test_2278,0.757067354433503
test_2279,0.7460308407666949
test_2280,0.7460308407666949
test_2282,0.7460308407666949
test_2283,0.7460308407666949
test_2285,0.7675644470086309
test_2287,0.6714578424732736
test_2290,0.7460308407666949
test_2293,0.7460308407666949
test_2295,0.7423619305975863
test_2299,0.7460308407666949
test_2300,0.8652664629898296
test_2302,0.7432307472447569
test_2303,0.7460308407666949
test_2306,0.7460308407666949
test_2309,0.7460308407666949
test_2312,0.061322643352244376
test_2314,0.7460308407666949
test_2315,0.7460308407666949
test_2316,0.7460308407666949
test_2317,0.41134395041231786
test_2319,0.7460308407666949
test_2320,0.7460308407666949
test_2322,0.7459837257694858
test_2323,0.7460308407666949
test_2326,0.7460308407666949
test_2328,0.7460308407666949
test_2330,0.7460308407666949
test_2332,0.7460308407666949
test_2333,0.7460308407666949
test_2334,0.7460308407666949
test_2335,0.7443890374554751
test_2337,0.4293800601868917
test_2338,0.7685202942813983
test_2339,0.8263132298868165
test_2340,0.91797412241546
test_2341,0.7460308407666949
test_2343,0.7460308407666949
test_2344,0.7460308407666949
test_2345,0.7474391802482389
test_2346,0.7460308407666949
test_2348,0.7460308407666949
test_2349,0.7460308407666949
test_2352,0.7460308407666949
test_2353,0.7460308407666949
test_2354,0.7460308407666949
test_2356,0.7525719790834097
test_2357,0.7413915950044508
test_2358,0.7460308407666949
test_2362,0.7460308407666949
test_2364,0.7404763852147104
test_2365,0.7460308407666949
test_2367,0.7460308407666949
test_2368,0.7460308407666949
test_2371,0.7460308407666949
test_2373,0.7460308407666949
test_2374,0.7460308407666949
test_2375,0.7635955095330432
test_2377,0.7460308407666949
test_2378,0.7460308407666949
test_2379,0.7456121165516285
test_2380,0.7460308407666949
test_2381,0.7460308407666949
test_2382,0.7460308407666949
test_2385,0.7479659341911379
test_2386,0.7674189732585449
test_2389,0.7460308407666949
test_2390,0.7460308407666949
test_2391,0.7460308407666949
test_2393,0.7460308407666949
test_2394,0.7460308407666949
test_2396,0.7611292095474224
test_2400,0.7495430419289988
test_2401,0.7395120989819767
test_2402,0.7460308407666949
test_2404,0.7460308407666949
test_2405,0.7460308407666949
test_2406,0.7460308407666949
test_2407,0.7460308407666949
test_2409,0.7460308407666949
test_2410,0.7051383970924834
test_2412,0.7477300395991517
test_2413,0.7460308407666949
test_2414,0.747347284286727
test_2416,0.7757598829997792
test_2417,0.7460308407666949
test_2418,0.6093739710855082
test_2420,0.8051870324463047
test_2423,0.7460308407666949
test_2424,0.7535182544960359
test_2425,0.7460308407666949
test_2426,0.7414984476568859
test_2428,0.7460308407666949
test_2429,0.7460308407666949
test_2430,0.7460308407666949
test_2431,0.7460308407666949
test_2433,0.749742456313188
test_2434,0.7460308407666949
test_2435,0.3885792755891112
test_2436,0.7184462716339589
test_2437,0.7460308407666949
test_2438,0.7460308407666949
test_2439,0.7460308407666949
test_2440,0.7454693596471923
test_2441,0.7413371338948722
test_2443,0.7460308407666949
test_2444,0.7460308407666949
test_2446,0.7460308407666949
test_2447,0.7460308407666949
test_2448,0.7460308407666949
test_2449,0.7460308407666949
test_2450,0.7460308407666949
test_2451,0.7371153112126818
test_2452,0.7460308407666949
test_2453,0.7460308407666949
test_2454,0.7530644485545632
test_2455,0.7460308407666949
test_2456,0.7460308407666949
test_2457,0.7460308407666949
test_2458,0.7460308407666949
test_2459,0.7460308407666949
test_2460,0.8618834549146811
test_2462,0.7437728224993289
test_2464,0.7460308407666949
test_2468,0.7460308407666949
test_2470,0.7518947778512585
test_2471,0.7460308407666949
test_2473,0.7460308407666949
test_2475,0.7441999207471746
test_2476,0.7986183871228
test_2477,0.756314082421339
test_2481,0.7549421870361451
test_2482,0.7460308407666949
test_2484,0.7460308407666949
test_2485,0.7460308407666949
test_2486,0.7967749221988834
test_2487,0.7529655305106641
test_2489,0.7460308407666949
test_2492,0.6956625263311075
test_2493,0.7460308407666949
test_2494,0.7460308407666949
test_2495,0.7549422014134648
test_2496,0.7460308407666949
test_2497,0.7460308407666949
test_2499,0.7460308407666949
test_2500,0.7460308407666949
test_2502,0.7803982725268516
test_2503,0.7460308407666949
test_2504,0.7460308407666949
test_2505,0.7460308407666949
test_2506,0.7296390126247277
test_2509,0.7358316079073687
test_2510,0.7366334211291224
test_2511,0.7491756501899275
test_2513,0.7460308407666949
test_2516,0.7421422189610397
test_2517,0.7460308407666949
test_2518,0.7460308407666949
test_2520,0.7460308407666949
test_2523,0.7460308407666949
test_2524,0.7460308407666949
test_2525,0.7460308407666949
test_2528,0.7460308407666949
test_2531,0.7460308407666949
test_2532,0.7335603067475105
test_2533,0.7460308407666949
test_2534,0.7568104840281622
test_2535,0.8362917498341904
test_2537,0.7460308407666949
test_2540,0.7368103630009523
test_2541,0.7460308407666949
test_2542,0.7460308407666949
test_2544,0.7489365181589386
test_2545,0.7480556501247164
test_2547,0.7442208973168899
test_2549,0.7673334473874629
test_2553,0.7460308407666949
test_2556,0.7460308407666949
test_2557,0.7425297578896585
test_2558,0.7460308407666949
test_2560,0.7460308407666949
test_2561,0.7460308407666949
test_2562,0.7460308407666949
test_2563,0.7471057107761637
test_2564,0.7460308407666949
test_2565,0.33637579015981667
test_2566,0.7460308407666949
test_2567,0.7460308407666949
test_2571,0.7460308407666949
test_2572,0.7460308407666949
test_2574,0.7460308407666949
test_2575,0.7460308407666949
test_2576,0.7768545347691586
test_2577,0.7460308407666949
test_2578,0.7460308407666949
test_2579,0.7460308407666949
test_2581,0.7684746018567137
test_2582,0.7460308407666949
test_2583,0.7600285088907485
test_2584,0.7460308407666949
test_2585,0.7460308407666949
test_2586,0.8254483626660115
test_2587,0.3645718767323346
test_2588,0.755809706882051
test_2590,0.7460308407666949
test_2593,0.7462952151888348
test_2595,0.7460308407666949
test_2596,0.7427187121455701
test_2597,0.7470165932198211
test_2598,0.7460308407666949
test_2600,0.7460308407666949
test_2602,0.7460308407666949
test_2603,0.7460308407666949
test_2604,0.7460308407666949
test_2605,0.7460308407666949
test_2606,0.7414254933662126
test_2608,0.338000360332497
test_2610,0.7460308407666949
test_2611,0.7460308407666949
test_2612,0.7696382002767986
test_2613,0.5645872878903709
test_2614,0.7460308407666949
test_2616,0.7460308407666949
test_2617,0.7460308407666949
test_2620,0.7460308407666949
test_2623,0.7460308407666949
test_2624,0.7460308407666949
test_2625,0.7647423518292399
test_2626,0.7488174065104584
test_2629,0.7411001911921631
test_2632,0.7460308407666949
test_2634,0.7550891418282154
test_2635,0.7460308407666949
test_2638,0.7460308407666949
test_2639,0.41778878975633355
test_2640,0.7460308407666949
test_2641,0.7460308407666949
test_2642,0.6921817139118954
test_2643,0.7460308407666949
test_2646,0.7460308407666949
test_2648,0.7460308407666949
test_2649,0.7460308407666949
test_2651,0.7441934576794275
test_2652,0.7475308537451746
test_2653,0.7586017589511017
test_2654,0.7460308407666949
test_2656,0.7460308407666949
test_2659,0.8187918984573263
test_2662,0.7460308407666949
test_2663,0.7460308407666949
test_2664,0.7460308407666949
test_2665,0.7460308407666949
test_2669,0.7557993120744155
test_2671,0.7460308407666949
test_2673,0.7460308407666949
test_2676,0.7460308407666949
test_2677,0.758190512955529
test_2678,0.6830632706207683
test_2681,0.7460308407666949
test_2682,0.7634242047311426
test_2683,0.7460308407666949
test_2685,0.7597025728980517
test_2686,0.7394556831773275
test_2687,0.747273619983039
test_2689,0.7698065434587321
test_2693,0.7460308407666949
test_2694,0.7460308407666949
test_2696,0.7722598876744375
test_2699,0.7460308407666949
test_2700,0.7460308407666949
test_2701,0.7460308407666949
test_2702,0.7460308407666949
test_2703,0.7613752857996138
test_2704,0.7460308407666949
test_2705,0.7460308407666949
test_2707,0.7460308407666949
test_2708,0.7460308407666949
test_2709,0.7460308407666949
test_2710,0.7460308407666949
test_2711,0.801374270246723
test_2712,0.7464026771207122
test_2713,0.76697075635419
test_2714,0.7460308407666949
test_2715,0.7552751661832926
test_2716,0.7460308407666949
test_2717,0.7460308407666949
test_2718,0.7504601711388467
test_2721,0.7460308407666949
test_2722,0.7502218059541499
test_2723,0.7460308407666949
test_2724,0.037682325781080196
test_2725,0.7498084183169879
test_2726,0.7460308407666949
test_2727,0.7460308407666949
test_2728,0.7460308407666949
test_2729,0.7460308407666949
test_2731,0.7622530711199875
test_2732,0.7460308407666949
test_2733,0.7467068004080253
test_2735,0.7834112990069272
test_2736,0.7460308407666949
test_2739,0.7460308407666949
test_2740,0.7460308407666949
test_2741,0.7460308407666949
test_2742,0.7460308407666949
test_2743,0.7460308407666949
test_2746,0.7460308407666949
test_2748,0.7460308407666949
test_2749,0.7460308407666949
test_2750,0.34903778301862726
test_2751,0.7460308407666949
test_2752,0.7460308407666949
test_2753,0.7458601313374305
test_2754,0.6197736967752192
test_2755,0.7651126047738965
test_2756,0.7618794319985037
test_2757,0.7560452772683736
test_2758,0.7657731390589287
test_2759,0.7460308407666949
test_2761,0.7460308407666949
test_2762,0.7460308407666949
test_2766,0.7484959481396095
test_2772,0.774661427441553
test_2773,0.7984104912570227
test_2774,0.7460308407666949
test_2775,0.8054032452822468
test_2776,0.7460308407666949
test_2780,0.7934645477539777
test_2782,0.7460308407666949
test_2783,0.7460308407666949
test_2784,0.7460308407666949
test_2785,0.6782968108587436
test_2787,0.7460308407666949
test_2788,0.7460308407666949
test_2789,0.562127041385982
test_2791,0.7460308407666949
test_2792,0.7460308407666949
test_2794,0.7460308407666949
test_2795,0.7460308407666949
test_2796,0.7460308407666949
test_2798,0.7460308407666949
test_2800,0.7460308407666949
test_2801,0.7460308407666949
test_2802,0.7460308407666949
test_2804,0.7460308407666949
test_2805,0.754152127461782
test_2809,0.7460308407666949
test_2813,0.7460308407666949
test_2816,0.7460308407666949
test_2819,0.7460308407666949
test_2820,0.7460308407666949
test_2821,0.7460308407666949
test_2823,0.7785922871384957
test_2824,0.7460308407666949
test_2825,0.7460308407666949
test_2826,0.7460308407666949
test_2827,0.7460308407666949
test_2829,0.7050922525114649
test_2830,0.7460308407666949
test_2831,0.7460308407666949
test_2832,0.7460308407666949
test_2833,0.7460308407666949
test_2834,0.7460308407666949
test_2838,0.7460308407666949
test_2839,0.7460308407666949
test_2840,0.7460308407666949
test_2842,0.7460308407666949
test_2843,0.7446124240042117
test_2845,0.7342481253678274
test_2846,0.7460308407666949
test_2848,0.7460308407666949
test_2849,0.7441535678744032
test_2851,0.7460308407666949
test_2852,0.7460308407666949
test_2853,0.7460308407666949
test_2854,0.7460308407666949
test_2855,0.7469960866251962
test_2856,0.7460308407666949
test_2857,0.7460308407666949
test_2858,0.7460308407666949
test_2860,0.7592533291763114
test_2861,0.7550460816094039
test_2862,0.7341834866875133
test_2864,0.7460308407666949
test_2866,0.08297010096484655
test_2867,0.7460308407666949
test_2874,0.7460308407666949
test_2875,0.7460308407666949
test_2876,0.7460308407666949
test_2877,0.7460308407666949
test_2879,0.7460308407666949
test_2880,0.8296220283780014
test_2881,0.7460308407666949
test_2882,0.7460308407666949
test_2883,0.7460308407666949
test_2884,0.7833457355456624
test_2885,0.7460308407666949
test_2886,0.7460308407666949
test_2888,0.7460308407666949
test_2889,0.7460308407666949
test_2890,0.8260688009450525
test_2893,0.7410824818346037
test_2894,0.7460225886161572
test_2895,0.7460308407666949
test_2896,0.6832359711558701
test_2897,0.7396512274998132
test_2899,0.7460308407666949
test_2900,0.7460308407666949
test_2901,0.7460308407666949
test_2902,0.7272134365700976
test_2905,0.7460308407666949
test_2906,0.7460308407666949
test_2907,0.7460308407666949
test_2910,0.7460308407666949
test_2911,0.7460308407666949
test_2912,0.7460308407666949
test_2913,0.7460308407666949
test_2914,0.7460308407666949
test_2916,0.7460308407666949
test_2917,0.7460308407666949
test_2918,0.755870768044373
test_2920,0.8815758686988416
test_2921,0.7460308407666949
test_2924,0.7460308407666949
test_2925,0.7460308407666949
test_2926,0.7293083990814253
test_2927,0.7460308407666949
test_2929,0.7460308407666949
test_2930,0.7547632258331146
test_2931,0.7479891600069815
test_2932,0.7460308407666949
test_2934,0.7460308407666949
test_2936,0.7400084205280548
test_2937,0.7460308407666949
test_2940,0.7460308407666949
